{"cameraMode":{"drawMode":0,"name":"Shaded","section":"Shading Mode"},"sceneLighting":true,"audioPlay":false,"sceneViewState":{"showFog":true,"showMaterialUpdate":false,"showSkybox":true,"showFlares":true,"showImageEffects":true,"showParticleSystems":true,"showVisualEffectGraphs":true,"m_FxEnabled":true},"in2DMode":false,"pivot":{"x":2.919297218322754,"y":25.136795043945314,"z":-0.10000038146972656},"rotation":{"x":0.05965505540370941,"y":-0.0009016895783133805,"z":-0.00005386043631006032,"w":-0.9982193112373352},"size":24.21326446533203,"orthographic":false}