{"cameraMode":{"drawMode":0,"name":"Shaded","section":"Shading Mode"},"sceneLighting":true,"audioPlay":false,"sceneViewState":{"showFog":true,"showMaterialUpdate":false,"showSkybox":true,"showFlares":true,"showImageEffects":true,"showParticleSystems":true},"in2DMode":false,"pivot":{"x":2.2789502143859865,"y":22.350704193115236,"z":-55.55584716796875},"rotation":{"x":0.0924554169178009,"y":0.046881724148988727,"z":0.004333628341555595,"w":-0.9946083426475525},"size":2.8093929290771486,"orthographic":false}